Sentence,Word
Sentence: 1,Thousands
,of
,demonstrators
,have
,marched
,through
,London
,to
,protest
,the
,war
,in
,Iraq
,and
,demand
,the
,withdrawal
,of
,British
,troops
,from
,that
,country
,.
Sentence: 2,Families
,of
,soldiers
,killed
,in
,the
,conflict
,joined
,the
,protesters
,who
,carried
,banners
,with
,such
,slogans
,as
,""""
,Bush
,Number
,One
,Terrorist
,""""
,and
,""""
,Stop
,the
,Bombings
,.
,""""
Sentence: 3,They
,marched
,from
,the
,Houses
,of
,Parliament
,to
,a
,rally
,in
,Hyde
,Park
,.
Sentence: 4,Police
,put
,the
,number
,of
,marchers
,at
,"10,000"
,while
,organizers
,claimed
,it
,was
,"1,00,000"
,.
Sentence: 5,The
,protest
,comes
,on
,the
,eve
,of
,the
,annual
,conference
,of
,Britain
,'s
,ruling
,Labor
,Party
,in
,the
,southern
,English
,seaside
,resort
,of
,Brighton
,.
Sentence: 6,The
,party
,is
,divided
,over
,Britain
,'s
,participation
,in
,the
,Iraq
,conflict
,and
,the
,continued
,deployment
,of
,"8,500"
,British
,troops
,in
,that
,country
,.
Sentence: 7,The
,London
,march
,came
,ahead
,of
,anti-war
,protests
,today
,in
,other
,cities
,","
,including
,Rome
,","
,Paris
,","
,and
,Madrid
,.
Sentence: 8,The
,International
,Atomic
,Energy
,Agency
,is
,to
,hold
,second
,day
,of
,talks
,in
,Vienna
,Wednesday
,on
,how
,to
,respond
,to
,Iran
,'s
,resumption
,of
,low-level
,uranium
,conversion
,.
Sentence: 9,Iran
,this
,week
,restarted
,parts
,of
,the
,conversion
,process
,at
,its
,Isfahan
,nuclear
,plant
,.
Sentence: 10,Iranian
,officials
,say
,they
,expect
,to
,get
,access
,to
,sealed
,sensitive
,parts
,of
,the
,plant
,Wednesday
,","
,after
,an
,IAEA
,surveillance
,system
,begins
,functioning
,.
Sentence: 11,The
,step
,will
,allow
,the
,facility
,to
,operate
,at
,full
,capacity
,.
Sentence: 12,The
,European
,Union
,","
,with
,U.S.
,backing
,","
,has
,threatened
,to
,refer
,Iran
,to
,the
,U.N.
,Security
,Council
,","
,which
,could
,impose
,sanctions
,if
,it
,finds
,Tehran
,has
,violated
,the
,Nuclear
,Non-Proliferation
,treaty
,.
Sentence: 13,Iran
,'s
,new
,President
,Mahmoud
,Ahmadinejad
,said
,Tuesday
,that
,European
,incentives
,aimed
,at
,persuading
,Iran
,to
,end
,its
,nuclear
,fuel
,program
,are
,an
,insult
,to
,the
,Iranian
,nation
,.
Sentence: 14,Two
,Germans
,and
,four
,Nigerian
,oil
,workers
,were
,kidnapped
,by
,armed
,militants
,during
,a
,raid
,on
,a
,boat
,in
,Nigeria
,'s
,southern
,oil-rich
,Delta
,region
,.
Sentence: 15,An
,official
,with
,the
,German
,firm
,Bilfinger
,Berger
,","
,Thomas
,Horbach
,","
,said
,the
,gunmen
,stopped
,the
,supply
,boat
,Wednesday
,as
,it
,sailed
,from
,Delta
,State
,to
,Bayelsa
,State
,to
,inspect
,an
,offshore
,oil
,field
,owned
,by
,Royal-Dutch
,Shell
,.
Sentence: 16,The
,German
,firm
,works
,as
,a
,sub-contractor
,for
,Shell
,.
Sentence: 17,Militant
,groups
,frequently
,attack
,oil
,operations
,in
,the
,Niger
,Delta
,to
,demand
,social
,services
,and
,better
,job
,opportunities
,from
,multinational
,companies
,.
Sentence: 18,Poor
,residents
,often
,complain
,they
,have
,been
,cheated
,out
,of
,the
,huge
,riches
,extracted
,from
,their
,tribal
,lands
,-
,where
,the
,bulk
,of
,Nigeria
,'s
,2.3
,million
,barrels
,of
,petroleum
,are
,pumped
,daily
,.
Sentence: 19,Suspected
,Islamist
,rebels
,have
,fired
,mortar
,shells
,at
,the
,palace
,used
,by
,Somalia
,'s
,interim
,President
,Abdullahi
,Yusuf
,Ahmad
,.
Sentence: 20,It
,was
,not
,immediately
,clear
,if
,the
,president
,was
,in
,the
,palace
,in
,Mogadishu
,when
,the
,attack
,occurred
,or
,if
,anyone
,was
,hurt
,.
Sentence: 21,Local
,news
,reports
,said
,at
,least
,five
,mortar
,shells
,hit
,the
,palace
,compound
,and
,other
,mortars
,were
,fired
,elsewhere
,in
,Mogadishu
,Wednesday
,.
Sentence: 22,The
,attacks
,occurred
,after
,the
,government
,said
,it
,will
,go
,ahead
,with
,a
,reconciliation
,conference
,to
,which
,more
,than
,"1,300"
,Somali
,elders
,","
,warlords
,and
,politicians
,are
,invited
,.
Sentence: 23,Iraqi
,military
,officials
,say
,tanks
,and
,troops
,have
,arrived
,in
,the
,northern
,city
,Mosul
,for
,a
,new
,offensive
,against
,al
,Qaida
,in
,Iraq
,fighters
,.
Sentence: 24,Officials
,will
,not
,say
,how
,many
,troops
,have
,arrived
,in
,the
,Sunni
,Arab
,and
,Kurdish
,city
,","
,where
,bombings
,last
,week
,killed
,at
,least
,34
,people
,and
,wounded
,more
,than
,200
,.
Sentence: 25,U.S.
,commanders
,have
,not
,explained
,how
,American
,forces
,will
,participate
,in
,the
,offensive
,.
Sentence: 26,Officials
,say
,al
,Qaida
,in
,Iraq
,fighters
,have
,fled
,successful
,campaigns
,against
,them
,in
,Anbar
,province
,and
,Baghdad
,to
,other
,northern
,provinces
,.
Sentence: 27,Mosul
,is
,the
,largest
,city
,north
,of
,Baghdad
,and
,has
,long
,been
,a
,stronghold
,of
,Sunni
,militant
,fighters
,.
Sentence: 28,In
,other
,violence
,","
,U.S.
,officials
,said
,one
,American
,soldier
,was
,killed
,while
,on
,patrol
,in
,Baghdad
,Sunday
,.
Sentence: 29,Egyptian
,police
,have
,arrested
,at
,least
,16
,members
,of
,the
,opposition
,Muslim
,Brotherhood
,as
,parts
,of
,the
,country
,prepare
,for
,parliamentary
,runoff
,elections
,Saturday
,.
Sentence: 30,The
,arrests
,occurred
,Friday
,in
,Alexandria
,.
Sentence: 31,A
,spokesman
,for
,the
,Brotherhood
,said
,the
,arrests
,are
,an
,attempt
,to
,cut
,the
,Brotherhood
,off
,from
,its
,supporters
,and
,punishment
,for
,winning
,parliamentary
,seats
,in
,earlier
,elections
,.
Sentence: 32,The
,Muslim
,Brotherhood
,has
,tripled
,its
,strength
,in
,parliament
,in
,recent
,elections
,","
,raising
,the
,party
,'s
,total
,to
,47
,seats
,.
Sentence: 33,In
,Saturday
,'s
,elections
,","
,voters
,will
,cast
,ballots
,in
,nine
,provinces
,where
,no
,candidate
,won
,a
,majority
,in
,the
,previous
,round
,of
,voting
,.
Sentence: 34,The
,Muslim
,Brotherhood
,is
,banned
,as
,a
,political
,party
,","
,but
,it
,endorses
,so-called
,independent
,candidates
,whose
,allegiance
,to
,the
,party
,is
,known
,to
,voters
,.
Sentence: 35,Hardline
,lawmakers
,in
,Pakistan
,'s
,North
,West
,Frontier
,Province
,have
,pushed
,through
,a
,law
,that
,aims
,to
,ensure
,""""
,Islamic
,correctness
,""""
,in
,public
,places
,and
,establishes
,a
,morality
,police
,to
,enforce
,decent
,behavior
,.
Sentence: 36,A
,six-party
,coalition
,of
,religious
,based
,parties
,","
,the
,Mutahida
,Majlis-e-Amal
,","
,dominates
,the
,provincial
,assembly
,","
,so
,the
,bill
,was
,easily
,passed
,Thursday
,by
,a
,vote
,of
,68-34
,.
Sentence: 37,The
,provincial
,governor
,must
,still
,sign
,the
,bill
,before
,it
,becomes
,law
,","
,a
,step
,seen
,only
,as
,a
,formality
,.
Sentence: 38,The
,proposed
,law
,calls
,for
,setting
,up
,a
,""""
,religious
,police
,force
,""""
,to
,make
,sure
,people
,adhere
,to
,Islamic
,values
,in
,public
,places
,","
,and
,entertainment
,outlets
,close
,during
,weekly
,Friday
,prayers
,.
Sentence: 39,Violators
,could
,be
,jailed
,for
,up
,to
,six
,months
,.
Sentence: 40,The
,opposition
,has
,denounced
,the
,measure
,","
,comparing
,it
,to
,the
,draconian
,rule
,of
,the
,former
,Taleban
,in
,neighboring
,Afghanistan
,.
Sentence: 41,British
,police
,say
,they
,have
,arrested
,a
,man
,who
,dressed
,as
,suicide
,bomber
,at
,a
,demonstration
,against
,the
,publication
,of
,cartoons
,depicting
,Islam
,'s
,Prophet
,Muhammad
,.
Sentence: 42,Bedfordshire
,police
,said
,Tuesday
,that
,Omar
,Khayam
,was
,arrested
,in
,Bedford
,for
,breaching
,the
,conditions
,of
,his
,parole
,.
Sentence: 43,Police
,said
,the
,British
,Home
,Office
,sought
,an
,investigation
,of
,Khayam
,'s
,behavior
,after
,he
,was
,photographed
,last
,week
,at
,a
,demonstration
,dressed
,in
,fatigues
,","
,a
,black
,cap
,","
,and
,a
,bulky
,belt
,.
Sentence: 44,A
,Home
,Office
,spokesman
,told
,the
,Associated
,Press
,that
,if
,the
,behavior
,of
,a
,paroled
,offender
,gives
,cause
,for
,concern
,","
,he
,can
,be
,sent
,back
,to
,prison
,.
Sentence: 45,The
,AP
,also
,reports
,Khayam
,has
,been
,on
,parole
,from
,prison
,since
,last
,year
,after
,serving
,half
,his
,six-year
,sentence
,for
,drug
,dealing
,.
Sentence: 46,Pakistani
,officials
,say
,unidentified
,gunmen
,have
,killed
,three
,people
,","
,including
,a
,former
,government
,minister
,","
,in
,a
,semi-autonomous
,tribal
,region
,bordering
,Afghanistan
,.
Sentence: 47,The
,officials
,say
,prominent
,tribal
,leader
,Malik
,Faridullah
,Khan
,was
,traveling
,in
,South
,Waziristan
,Sunday
,when
,his
,vehicle
,was
,ambushed
,in
,the
,Kani
,Wam
,area
,.
Sentence: 48,His
,driver
,and
,a
,tribal
,elder
,were
,also
,killed
,.
Sentence: 49,No
,one
,has
,claimed
,responsibility
,for
,the
,killings
,.
Sentence: 50,The
,ambush
,came
,a
,day
,after
,a
,commander
,of
,Pakistani
,troops
,said
,the
,army
,has
,almost
,completely
,eliminated
,militants
,in
,South
,Waziristan
,.
Sentence: 51,The
,area
,became
,a
,refuge
,for
,many
,al-Qaida
,and
,Taleban
,fighters
,after
,the
,Taleban
,government
,was
,ousted
,in
,Afghanistan
,in
,2001
,.
Sentence: 52,A
,senior
,Pakistani
,military
,official
,says
,Pakistan
,wants
,to
,put
,what
,he
,calls
,the
,""""
,sordid
,chapter
,""""
,of
,proliferation
,by
,one
,of
,its
,top
,scientists
,behind
,it
,and
,build
,civilian
,nuclear
,ties
,with
,the
,United
,States
,.
Sentence: 53,But
,he
,says
,Pakistan
,is
,not
,ready
,to
,make
,the
,nuclear
,scientist
,","
,Abdul
,Qadeer
,Khan
,","
,available
,for
,direct
,questioning
,over
,his
,sale
,of
,nuclear
,parts
,and
,secrets
,to
,states
,including
,Iran
,","
,Libya
,and
,North
,Korea
,.
Sentence: 54,He
,said
,there
,are
,reasons
,of
,national
,sensitivities
,for
,not
,making
,him
,available
,.
Sentence: 55,The
,Pakistani
,official
,was
,giving
,a
,background
,briefing
,to
,a
,small
,group
,of
,reporters
,in
,Washington
,.
Sentence: 56,Khan
,admitted
,in
,2004
,that
,he
,operated
,a
,worldwide
,clandestine
,network
,to
,sell
,nuclear
,technology
,in
,the
,black
,market
,.
Sentence: 57,He
,was
,placed
,under
,house
,arrest
,in
,Islamabad
,","
,but
,not
,jailed
,because
,he
,is
,considered
,the
,father
,of
,Pakistan
,'s
,nuclear
,bomb
,.
Sentence: 58,U.S.
,Army
,officials
,said
,Wednesday
,that
,they
,will
,not
,renew
,a
,controversial
,multi-billion
,dollar
,contract
,with
,the
,Halliburton
,company
,to
,provide
,logistical
,support
,to
,U.S.
,troops
,in
,Iraq
,and
,elsewhere
,.
Sentence: 59,Halliburton
,has
,been
,providing
,a
,long
,list
,of
,services
,","
,from
,meals
,to
,communication
,","
,for
,the
,military
,for
,several
,years
,.
Sentence: 60,Critics
,of
,Halliburton
,include
,auditors
,and
,congressional
,Democrats
,.
Sentence: 61,They
,say
,the
,company
,has
,produced
,some
,shoddy
,work
,and
,charges
,too
,much
,money
,.
Sentence: 62,The
,company
,strongly
,denies
,the
,allegations
,.
Sentence: 63,When
,the
,huge
,contract
,is
,put
,out
,for
,re-bidding
,","
,several
,companies
,will
,get
,a
,chance
,to
,compete
,for
,portions
,of
,the
,work
,.
Sentence: 64,Representatives
,from
,the
,Asia
,Pacific
,Economic
,Cooperation
,Business
,Advisory
,Council
,are
,holding
,meetings
,this
,week
,to
,finalize
,their
,annual
,report
,for
,APEC
,leaders
,who
,will
,hold
,a
,summit
,on
,September
,8
,and
,9
,.
Sentence: 65,VOA
,'s
,Nancy-Amelia
,Collins
,reports
,from
,Sydney
,.
Sentence: 66,Energy
,","
,security
,","
,climate
,change
,","
,the
,World
,Trade
,Organization
,'s
,stalled
,negotiations
,","
,and
,investment
,are
,all
,expected
,to
,be
,among
,the
,major
,topics
,in
,the
,annual
,report
,of
,the
,APEC
,Business
,Advisory
,Council
,","
,known
,as
,ABAC
,.
Sentence: 67,Tim
,Harcourt
,","
,the
,chief
,economist
,of
,the
,Australian
,Trade
,Commission
,","
,says
,ABAC
,plays
,an
,important
,role
,by
,informing
,governments
,where
,there
,are
,problems
,.
Sentence: 68,""""
,The
,most
,important
,thing
,the
,business
,groups
,can
,do
,is
,to
,tell
,the
,governments
,where
,there
,are
,logjams
,","
,where
,there
,are
,obstacles
,","
,where
,things
,can
,improve
,","
,""""
,Harcourt
,said
,.
Sentence: 69,""""
,I
,think
,actually
,ABAC
,has
,played
,a
,pretty
,good
,leadership
,on
,that
,in
,talking
,about
,trade
,facilitation
,and
,basically
,making
,sure
,standards
,are
,consistent
,and
,harmonious
,across
,the
,region
,.
,""""
Sentence: 70,ABAC
,comprises
,up
,to
,three
,members
,of
,the
,private
,sector
,of
,each
,of
,the
,21
,economies
,that
,make
,up
,APEC
,.
Sentence: 71,It
,meets
,three
,times
,a
,year
,.
Sentence: 72,It
,was
,made
,a
,permanent
,body
,in
,1995
,to
,provide
,an
,independent
,business
,perspective
,within
,APEC
,.
Sentence: 73,Members
,represent
,a
,range
,of
,business
,sectors
,","
,including
,medium
,and
,small
,businesses
,.
Sentence: 74,ABAC
,says
,there
,is
,a
,need
,for
,businesses
,to
,improve
,energy
,efficiency
,and
,to
,encourage
,conservation
,practices
,","
,and
,is
,expected
,to
,include
,this
,in
,its
,annual
,report
,.
Sentence: 75,Harcourt
,","
,of
,the
,Australian
,Trade
,Commission
,","
,says
,the
,ABAC
,report
,will
,also
,discuss
,ways
,to
,enhance
,regional
,cooperation
,.
Sentence: 76,""""
,I
,reckon
,they
,'ll
,talk
,a
,little
,bit
,about
,customs
,and
,quarantine
,","
,a
,little
,bit
,about
,having
,consistent
,security
,arrangements
,around
,the
,region
,","
,""""
,Harcourt
,said
,.
Sentence: 77,""""
,And
,I
,think
,they
,'ll
,want
,a
,one-stop
,shop
,in
,terms
,of
,combining
,security
,","
,immigration
,","
,customs
,","
,and
,quarantine
,together
,…
,just
,to
,make
,sure
,it
,'s
,more
,streamlined
,and
,provides
,more
,certainty
,.
,""""
Sentence: 78,ABAC
,is
,the
,only
,non-governmental
,body
,that
,has
,an
,official
,role
,and
,formal
,dialogue
,with
,the
,leaders
,of
,the
,APEC
,economies
,.
Sentence: 79,It
,will
,present
,its
,annual
,report
,at
,the
,APEC
,leaders
,meeting
,on
,Saturday
,.
Sentence: 80,Sudan
,'s
,government
,says
,it
,will
,order
,troops
,to
,end
,attacks
,immediately
,in
,Darfur
,","
,and
,is
,asking
,rebels
,to
,do
,the
,same
,.
Sentence: 81,Foreign
,Minister
,Mustafa
,Osman
,Ismail
,says
,Sudanese
,troops
,will
,also
,withdraw
,to
,positions
,held
,before
,an
,April
,cease-fire
,","
,if
,rebels
,in
,the
,western
,region
,agree
,to
,stop
,attacks
,.
Sentence: 82,Mr.
,Ismail
,announced
,the
,decision
,after
,meeting
,with
,officials
,from
,the
,United
,Nations
,and
,African
,Union
,in
,Khartoum
,Sunday
,.
Sentence: 83,In
,recent
,weeks
,","
,AU
,officials
,say
,Sudanese
,troops
,and
,rebels
,have
,repeatedly
,violated
,the
,April
,truce
,.
Sentence: 84,Saturday
,","
,the
,head
,of
,AU
,forces
,in
,Darfur
,accused
,Sudanese
,government
,helicopters
,of
,bombing
,rebel
,sites
,in
,the
,South
,Darfur
,village
,of
,Labado
,.
Sentence: 85,Khartoum
,says
,troops
,were
,defending
,their
,positions
,from
,rebel
,attacks
,.
Sentence: 86,Aid
,workers
,say
,some
,relief
,efforts
,have
,been
,suspended
,in
,South
,Darfur
,due
,to
,recent
,attacks
,.
Sentence: 87,Indonesian
,police
,have
,arrested
,three
,men
,in
,connection
,with
,the
,October
,1
,Bali
,bombings
,that
,left
,23
,people
,dead
,.
Sentence: 88,Indonesian
,police
,said
,Wednesday
,the
,men
,were
,flown
,to
,Bali
,from
,neighboring
,Java
,island
,for
,questioning
,at
,Bali
,police
,headquarters
,.
Sentence: 89,Australian
,and
,French
,news
,agencies
,say
,at
,least
,one
,of
,the
,men
,arrested
,(
,Cholily
,)
,was
,captured
,during
,a
,series
,of
,counter-terrorism
,raids
,last
,week
,in
,Indonesia
,.
Sentence: 90,The
,raids
,ended
,with
,the
,death
,of
,alleged
,extremist
,bombmaker
,Azahari
,bin
,Husin
,.
Sentence: 91,Indonesian
,authorities
,blame
,Azahari
,bin
,Husin
,for
,orchestrating
,last
,month
,'s
,attacks
,in
,Bali
,as
,well
,as
,the
,2002
,Bali
,bombings
,that
,killed
,more
,than
,200
,people
,.
Sentence: 92,Gunmen
,have
,shot
,and
,killed
,a
,Roman
,Catholic
,nun
,and
,her
,bodyguard
,at
,the
,hospital
,where
,she
,worked
,in
,Islamist-controlled
,Mogadishu
,","
,Somalia
,.
Sentence: 93,Some
,witnesses
,to
,the
,Sunday
,shooting
,said
,they
,feared
,the
,attack
,was
,linked
,to
,Muslim
,anger
,toward
,Pope
,Benedict
,.
Sentence: 94,Two
,men
,with
,pistols
,attacked
,the
,nun
,","
,Sister
,Leonella
,Sgorbati
,","
,after
,she
,finished
,teaching
,a
,medical
,school
,class
,at
,the
,hospital
,in
,southern
,Mogadishu
,.
Sentence: 95,Officials
,say
,one
,suspect
,was
,arrested
,.
Sentence: 96,In
,Rome
,","
,a
,Vatican
,spokesman
,deplored
,the
,attack
,and
,said
,he
,hoped
,it
,was
,an
,isolated
,event
,","
,and
,not
,irrationality
,arising
,from
,comments
,made
,by
,the
,Pope
,which
,angered
,some
,Muslims
,.
Sentence: 97,Authorities
,in
,Mogadishu
,have
,not
,determined
,a
,motive
,for
,the
,shooting
,.
Sentence: 98,The
,pope
,has
,said
,he
,meant
,no
,offense
,to
,Muslims
,when
,he
,quoted
,a
,14
,century
,Byzantine
,emperor
,as
,saying
,some
,teachings
,of
,the
,Prophet
,Muhammed
,brought
,evil
,to
,the
,world
,.
Sentence: 99,Pakistani
,forces
,have
,targeted
,militants
,in
,the
,northwest
,for
,a
,third
,day
,","
,launching
,airstrikes
,that
,they
,say
,killed
,at
,least
,nine
,suspected
,insurgents
,.
Sentence: 100,Helicopter
,gunships
,Saturday
,pounded
,militant
,hideouts
,in
,the
,Orakzai
,tribal
,region
,","
,where
,many
,Taliban
,militants
,are
,believed
,to
,have
,fled
,to
,avoid
,an
,earlier
,military
,offensive
,in
,nearby
,South
,Waziristan
,.
Sentence: 101,The
,Pakistani
,military
,launched
,its
,offensive
,in
,Orakzai
,to
,hunt
,Taliban
,insurgents
,.
Sentence: 102,So
,far
,","
,nearly
,100
,militants
,have
,been
,reported
,killed
,in
,the
,region
,since
,Thursday
,.
Sentence: 103,On
,Friday
,","
,five
,soldiers
,were
,killed
,when
,dozens
,of
,militants
,stormed
,a
,military
,checkpoint
,in
,Orakzai
,.
Sentence: 104,At
,least
,32
,suspected
,militants
,were
,killed
,when
,troops
,launched
,a
,counter-attack
,.
Sentence: 105,Elsewhere
,in
,the
,northwest
,","
,authorities
,on
,Saturday
,found
,the
,bodies
,of
,six
,people
,who
,had
,been
,shot
,dead
,in
,the
,Kurram
,region
,along
,the
,Afghan
,border
,.
Sentence: 106,The
,six
,were
,kidnapped
,a
,few
,days
,ago
,.
Sentence: 107,The
,U.S.
,military
,in
,Afghanistan
,says
,coalition
,forces
,killed
,14
,Taleban
,militants
,in
,separate
,clashes
,this
,week
,.
Sentence: 108,The
,military
,said
,Saturday
,13
,guerrillas
,were
,killed
,in
,two
,encounters
,in
,the
,central
,province
,of
,Uruzgan
,.
Sentence: 109,One
,Afghan
,soldier
,was
,killed
,and
,four
,others
,","
,including
,a
,U.S.
,soldier
,","
,were
,injured
,in
,the
,fighting
,.
Sentence: 110,Another
,militant
,was
,killed
,by
,U.S.
,troops
,in
,eastern
,Paktika
,province
,.
Sentence: 111,Separately
,","
,officials
,say
,four
,British
,soldiers
,from
,the
,NATO-led
,peacekeeping
,mission
,were
,wounded
,early
,Saturday
,in
,an
,attack
,in
,the
,northern
,city
,of
,Mazar-e-Sharif
,.
Sentence: 112,It
,was
,not
,immediately
,clear
,what
,motivated
,the
,attack
,.
Sentence: 113,Taleban
,rebels
,are
,not
,known
,to
,operate
,in
,northern
,Afghanistan
,and
,the
,area
,has
,been
,spared
,much
,of
,the
,bloodshed
,that
,has
,plagued
,southern
,and
,eastern
,regions
,.
Sentence: 114,Russian
,officials
,say
,at
,least
,five
,more
,people
,have
,died
,from
,a
,wave
,of
,extremely
,cold
,weather
,gripping
,the
,nation
,","
,bringing
,the
,death
,toll
,to
,43
,in
,the
,past
,week
,.
Sentence: 115,Emergency
,medical
,officials
,say
,the
,five
,victims
,died
,in
,Moscow
,from
,exposure
,","
,and
,another
,19
,people
,are
,hospitalized
,with
,hypothermia
,.
Sentence: 116,Russia
,'s
,Itar-Tass
,news
,agency
,quotes
,a
,medical
,official
,as
,saying
,some
,of
,the
,victims
,were
,intoxicated
,or
,homeless
,.
Sentence: 117,The
,unusually
,cold
,weather
,is
,affecting
,Russia
,","
,the
,Baltic
,states
,of
,Lithuania
,","
,Latvia
,and
,Estonia
,","
,and
,is
,moving
,into
,the
,Nordic
,countries
,.
Sentence: 118,The
,death
,toll
,is
,expected
,to
,rise
,as
,temperatures
,continue
,to
,hover
,around
,minus
,30
,degrees
,Celsius
,or
,lower
,overnight
,.
Sentence: 119,Emergency
,power
,rationing
,has
,been
,put
,into
,effect
,around
,Moscow
,.
Sentence: 120,Health
,officials
,in
,Vietnam
,say
,a
,deadly
,strain
,of
,the
,bird
,flu
,virus
,has
,killed
,a
,second
,Vietnamese
,man
,this
,week
,","
,raising
,the
,country
,'s
,death
,toll
,from
,the
,virus
,to
,50
,.
Sentence: 121,Officials
,say
,the
,27-year
,old
,man
,from
,Vietnam
,'s
,northern
,Ninh
,Binh
,province
,died
,late
,Thursday
,and
,tested
,positive
,for
,the
,H5N1
,strain
,of
,bird
,flu
,.
Sentence: 122,Officials
,say
,the
,man
,fell
,ill
,after
,slaughtering
,two
,chickens
,at
,his
,home
,.
Sentence: 123,He
,is
,the
,third
,person
,to
,die
,from
,avian
,influenza
,in
,Vietnam
,this
,year
,.
Sentence: 124,Not
,counting
,the
,latest
,death
,","
,the
,World
,Health
,Organization
,says
,227
,people
,around
,the
,world
,have
,died
,from
,bird
,flu
,since
,2003
,.
Sentence: 125,Most
,of
,the
,world
,'s
,cases
,","
,103
,","
,have
,occurred
,in
,Indonesia
,.
Sentence: 126,Witnesses
,in
,Somalia
,say
,insurgents
,have
,burned
,and
,dragged
,the
,bodies
,of
,at
,least
,two
,soldiers
,through
,the
,streets
,of
,Mogadishu
,","
,after
,a
,clash
,between
,militants
,and
,Ethiopian
,forces
,killed
,seven
,people
,.
Sentence: 127,The
,violence
,erupted
,Wednesday
,after
,insurgents
,attacked
,Ethiopian
,tanks
,rolling
,through
,an
,insurgent
,stronghold
,near
,the
,headquarters
,of
,the
,former
,Defense
,Ministry
,in
,southern
,Mogadishu
,.
Sentence: 128,Witnesses
,say
,the
,Ethiopian
,troops
,returned
,heavy
,fire
,and
,that
,several
,people
,were
,wounded
,in
,the
,fighting
,.
Sentence: 129,Ethiopia
,deployed
,soldiers
,to
,Somalia
,last
,December
,to
,help
,the
,interim
,government
,push
,an
,Islamist
,movement
,from
,power
,.
Sentence: 130,Somalia
,'s
,internationally-recognized
,government
,has
,since
,been
,struggling
,to
,contain
,regular
,outbursts
,of
,violence
,by
,fighters
,loyal
,to
,the
,fallen
,Islamist
,movement
,.
Sentence: 131,The
,African
,Union
,has
,deployed
,troops
,to
,Somalia
,to
,replace
,the
,Ethiopian
,forces
,","
,which
,Addis
,Ababa
,plans
,to
,withdraw
,.
Sentence: 132,Top
,Palestinian
,negotiator
,Ahmed
,Qureia
,says
,Israeli
,and
,Palestinian
,mediators
,have
,agreed
,to
,prepare
,a
,document
,outlining
,their
,progress
,toward
,a
,peace
,accord
,.
Sentence: 133,In
,remarks
,to
,reporters
,","
,Qureia
,said
,the
,two
,sides
,agreed
,during
,recent
,meetings
,to
,begin
,writing
,out
,their
,positions
,on
,all
,issues
,discussed
,during
,peace
,negotiations
,.
Sentence: 134,He
,did
,not
,elaborate
,on
,why
,negotiators
,had
,come
,to
,the
,decision
,.
Sentence: 135,Israeli
,Prime
,Minister
,Ehud
,Olmert
,and
,Palestinian
,President
,Mahmoud
,Abbas
,resumed
,U.S.-brokered
,peace
,talks
,last
,November
,","
,but
,progress
,has
,been
,slow
,.
Sentence: 136,The
,two
,sides
,have
,expressed
,hope
,at
,reaching
,a
,peace
,deal
,before
,U.S.
,President
,George
,Bush
,leaves
,office
,early
,next
,year
,.
Sentence: 137,But
,Qureia
,said
,Wednesday
,that
,reaching
,a
,peace
,agreement
,with
,Israel
,before
,Mr.
,Bush
,leaves
,office
,will
,take
,a
,""""
,miracle
,.
,""""
Sentence: 138,He
,told
,reporters
,in
,the
,West
,Bank
,that
,there
,is
,still
,room
,for
,progress
,in
,Israeli-Palestinian
,negotiations
,.
Sentence: 139,The
,Israeli
,military
,says
,Major
,General
,Udi
,Adam
,-
,the
,head
,of
,the
,army
,'s
,Northern
,Command
,-
,has
,announced
,his
,resignation
,.
Sentence: 140,A
,military
,statement
,Wednesday
,","
,said
,General
,Adam
,has
,asked
,to
,leave
,his
,post
,""""
,as
,soon
,as
,possible
,","
,""""
,and
,the
,chief
,of
,staff
,has
,accepted
,the
,request
,to
,begin
,the
,process
,of
,his
,replacement
,.
Sentence: 141,Adam
,was
,widely
,expected
,to
,leave
,the
,army
,after
,he
,was
,pushed
,aside
,near
,the
,end
,of
,the
,34-day
,war
,against
,Hezbollah
,guerrillas
,in
,Lebanon
,.
Sentence: 142,He
,was
,replaced
,by
,another
,general
,as
,""""
,coordinator
,of
,operations
,in
,Lebanon
,.
,""""
Sentence: 143,Israeli
,media
,say
,Adam
,had
,several
,disagreements
,with
,the
,army
,chief
,","
,Lieutenant
,General
,Dan
,Halutz
,","
,over
,the
,conduct
,of
,the
,war
,.
Sentence: 144,A
,Washington-based
,research
,institute
,says
,Pakistan
,is
,building
,a
,nuclear
,reactor
,that
,could
,produce
,enough
,plutonium
,for
,40
,to
,50
,nuclear
,weapons
,a
,year
,.
Sentence: 145,The
,Institute
,for
,Science
,and
,International
,Security
,reports
,that
,satellite
,photos
,show
,a
,possible
,construction
,site
,for
,a
,larger
,nuclear
,reactor
,near
,the
,small
,one
,in
,the
,Khushab
,district
,of
,Punjab
,province
,.
Sentence: 146,The
,report
,says
,such
,a
,reactor
,could
,produce
,over
,200
,kilograms
,of
,weapons-grade
,plutonium
,","
,good
,for
,40
,to
,50
,nuclear
,weapons
,a
,year
,.
Sentence: 147,According
,to
,some
,media
,reports
,","
,Pakistan
,is
,now
,capable
,of
,producing
,plutonium
,for
,just
,two
,warheads
,a
,year
,.
Sentence: 148,Pakistan
,'s
,Foreign
,Ministry
,spokeswoman
,Tasnim
,Aslam
,declined
,to
,say
,whether
,a
,new
,reactor
,is
,being
,constructed
,","
,but
,she
,said
,the
,presence
,of
,a
,nuclear
,weapons
,program
,and
,facilities
,at
,Khushab
,are
,well
,known
,.
Sentence: 149,The
,American
,Diabetes
,Association
,reports
,the
,disease
,is
,the
,leading
,cause
,of
,new
,cases
,of
,blindness
,among
,adults
,.
Sentence: 150,It
,is
,the
,leading
,cause
,of
,kidney
,failure
,.
Sentence: 151,The
,rate
,of
,amputation
,is
,10
,times
,higher
,among
,those
,who
,suffer
,from
,the
,disease
,.
Sentence: 152,Experts
,say
,those
,who
,learn
,how
,to
,manage
,the
,disease
,early
,","
,can
,live
,healthier
,and
,more
,normal
,lives
,.
Sentence: 153,VOA
,'s
,June
,Soh
,found
,camps
,that
,provide
,children
,with
,this
,chronic
,disease
,a
,positive
,approach
,to
,living
,with
,diabetes
,while
,letting
,them
,just
,be
,kids
,.
Sentence: 154,Amy
,Katz
,Narrates
,.
Sentence: 155,Cuba
,and
,Panama
,have
,said
,they
,will
,restore
,consular
,relations
,","
,months
,after
,Havana
,broke
,ties
,with
,Panama
,City
,for
,pardoning
,four
,men
,convicted
,in
,connection
,with
,an
,assassination
,attempt
,against
,Cuban
,President
,Fidel
,Castro
,.
Sentence: 156,The
,countries
,agreed
,to
,reopen
,their
,consulates
,","
,following
,a
,meeting
,Friday
,between
,Panamanian
,President
,Martin
,Torrijos
,and
,Cuban
,Vice
,President
,Carlos
,Lage
,.
Sentence: 157,The
,meeting
,took
,place
,on
,the
,sidelines
,of
,the
,Ibero-American
,Summit
,in
,San
,Jose
,","
,Costa
,Rica
,","
,where
,heads
,of
,state
,were
,meeting
,to
,discuss
,a
,candidate
,to
,head
,the
,Organization
,of
,American
,States
,and
,other
,regional
,issues
,.
Sentence: 158,Cuba
,severed
,ties
,with
,Panama
,in
,August
,","
,hours
,after
,Panamanian
,President
,Mireya
,Moscoso
,","
,in
,her
,final
,days
,in
,office
,","
,pardoned
,the
,men
,","
,preventing
,their
,extradition
,to
,Cuba
,.
Sentence: 159,They
,were
,convicted
,of
,plotting
,to
,kill
,Mr.
,Castro
,during
,the
,2000
,Ibero-American
,summit
,in
,Panama
,City
,.
Sentence: 160,The
,Israeli
,army
,has
,killed
,a
,Palestinian
,youth
,in
,the
,northern
,Gaza
,Strip
,and
,wounded
,at
,least
,three
,other
,people
,.
Sentence: 161,The
,army
,says
,it
,targeted
,a
,man
,who
,was
,collecting
,a
,rocket
,launcher
,from
,an
,area
,used
,to
,fire
,rockets
,at
,Israel
,recently
,.
Sentence: 162,Palestinian
,medical
,sources
,say
,the
,Israeli
,strike
,killed
,a
,teenager
,.
Sentence: 163,The
,Israeli
,military
,began
,an
,offensive
,in
,Gaza
,after
,militants
,kidnapped
,an
,Israeli
,soldier
,in
,June
,.
Sentence: 164,More
,than
,200
,Palestinians
,have
,been
,killed
,in
,the
,offensive
,.
Sentence: 165,On
,Sunday
,","
,Palestinian
,Prime
,Minister
,Ismail
,Haniyeh
,said
,his
,Hamas-led
,government
,will
,not
,recognize
,Israel
,.
Sentence: 166,He
,said
,an
,Arab
,peace
,plan
,for
,the
,region
,is
,problematic
,because
,it
,requires
,Palestinians
,to
,recognize
,Israel
,in
,exchange
,for
,an
,Israeli
,pullout
,from
,Palestinian
,territories
,.
Sentence: 167,He
,spoke
,after
,a
,week
,of
,deadly
,political
,infighting
,between
,Hamas
,and
,the
,rival
,Fatah
,party
,of
,President
,Mahmoud
,Abbas
,.
Sentence: 168,U.S.
,automaker
,Chrysler
,has
,opened
,a
,$
,570
,million
,engine
,plant
,in
,northern
,Mexico
,.
Sentence: 169,During
,the
,ceremonial
,startup
,of
,the
,Saltillo
,plant
,Friday
,","
,Mexican
,President
,Felipe
,Calderon
,said
,Chrysler
,'s
,sixth
,plant
,in
,Mexico
,will
,create
,700
,jobs
,.
Sentence: 170,Mr.
,Calderon
,said
,Mexico
,has
,become
,a
,worldwide
,leader
,in
,the
,auto
,industry
,.
Sentence: 171,Chrysler
,plans
,to
,build
,its
,new
,fuel-efficient
,Pentastar
,V-6
,engine
,for
,Chrysler
,","
,Dodge
,","
,Jeep
,and
,Ram
,vehicles
,.
Sentence: 172,Mexican
,officials
,say
,the
,new
,plant
,will
,have
,the
,capacity
,to
,build
,"4,40,000"
,engines
,per
,year
,.
Sentence: 173,A
,U.S.
,jury
,has
,found
,that
,drug
,maker
,Merck
,is
,not
,liable
,for
,the
,heart
,attack
,suffered
,by
,a
,man
,taking
,its
,painkiller
,Vioxx
,.
Sentence: 174,The
,New
,Jersey
,jurists
,agreed
,with
,Merck
,that
,job
,stress
,and
,health
,risks
,caused
,the
,60-year
,old
,postal
,worker
,to
,have
,a
,heart
,attack
,four
,years
,ago
,.
Sentence: 175,The
,plaintiff
,argued
,Vioxx
,was
,responsible
,.
Sentence: 176,The
,jury
,also
,rejected
,the
,man
,'s
,claim
,that
,Merck
,failed
,to
,properly
,warn
,users
,about
,the
,drug
,'s
,risks
,.
Sentence: 177,Merck
,withdrew
,the
,popular
,drug
,last
,year
,after
,a
,study
,showed
,it
,doubled
,the
,risk
,of
,heart
,problems
,in
,long-term
,users
,.
Sentence: 178,Merck
,is
,facing
,thousands
,of
,other
,lawsuits
,over
,Vioxx
,.
Sentence: 179,Thursday
,'s
,verdict
,is
,only
,the
,second
,in
,a
,Vioxx
,case
,.
Sentence: 180,In
,the
,first
,","
,Merck
,was
,ordered
,to
,pay
,millions
,of
,dollars
,to
,the
,widow
,of
,a
,Vioxx
,user
,.
Sentence: 181,Merck
,is
,appealing
,that
,decision
,.
Sentence: 182,The
,rumors
,are
,TRUE
,:
,Nicole
,Ritchie
,is
,pregnant
,.
Sentence: 183,Speaking
,to
,ABC
,News
,interviewer
,Dianne
,Sawyer
,","
,the
,25-year-old
,co-star
,of
,TV
,'s
,The
,Simple
,Life
,said
,she
,is
,almost
,four
,months
,along
,in
,her
,pregnancy
,.
Sentence: 184,She
,said
,the
,father
,is
,her
,boyfriend
,","
,Joel
,Madden
,of
,the
,rock
,band
,Good
,Charlotte
,.
Sentence: 185,Ritchie
,also
,spoke
,about
,her
,guilty
,plea
,last
,week
,to
,driving
,under
,the
,influence
,and
,the
,resulting
,four-day
,jail
,sentence
,.
Sentence: 186,""""
,I
,have
,a
,responsibility
,and
,it
,'s
,something
,that
,I
,did
,wrong
,","
,and
,if
,I
,could
,personally
,apologize
,to
,every
,single
,person
,that
,has
,lost
,a
,loved
,one
,from
,drunk
,driving
,","
,I
,would
,","
,""""
,she
,said
,.
Sentence: 187,""""
,And
,unfortunately
,I
,ca
,n't
,","
,but
,this
,is
,my
,way
,of
,paying
,my
,dues
,and
,taking
,responsibility
,and
,being
,an
,adult
,.
,""""
Sentence: 188,The
,interview
,airs
,August
,2
,and
,3
,on
,Good
,Morning
,America
,","
,and
,later
,August
,3
,on
,20/20
,.
Sentence: 189,U.S.
,Senator
,John
,Warner
,of
,the
,southeastern
,state
,of
,Virginia
,","
,a
,prominent
,Republican
,figure
,in
,the
,debate
,over
,the
,war
,in
,Iraq
,","
,says
,he
,will
,retire
,after
,finishing
,his
,term
,in
,2009
,.
Sentence: 190,Warner
,told
,supporters
,outside
,of
,the
,University
,of
,Virginia
,Friday
,that
,he
,will
,not
,seek
,a
,sixth
,term
,in
,the
,2008
,elections
,.
Sentence: 191,The
,former
,chairman
,of
,the
,powerful
,Senate
,Armed
,Services
,Committee
,has
,openly
,criticized
,President
,Bush
,'s
,handling
,of
,the
,war
,in
,Iraq
,.
Sentence: 192,He
,called
,on
,Mr.
,Bush
,earlier
,this
,month
,to
,begin
,withdrawing
,some
,U.S.
,troops
,from
,Iraq
,.
Sentence: 193,His
,retirement
,will
,leave
,open
,what
,would
,have
,been
,a
,relatively
,safe
,seat
,for
,Republicans
,in
,the
,fight
,for
,Senate
,control
,in
,the
,elections
,.
Sentence: 194,Democrats
,will
,now
,have
,a
,better
,chance
,to
,protect
,or
,expand
,their
,one-seat
,majority
,in
,the
,Senate
,.
Sentence: 195,When
,he
,leaves
,office
,","
,the
,80-year-old
,former
,Navy
,secretary
,will
,have
,served
,30
,years
,as
,a
,U.S.
,senator
,.
Sentence: 196,The
,United
,Nations
,says
,December
,'s
,Indian
,Ocean
,tsunami
,caused
,around
,$
,520
,million
,in
,damage
,to
,fishing
,industries
,in
,seven
,of
,the
,worst
,hit
,countries
,.
Sentence: 197,The
,U.N.
,'s
,Food
,and
,Agricultural
,Organization
,(
,FAO
,)
,said
,the
,tsunami
,destroyed
,or
,damaged
,more
,than
,"1,11,000"
,fishing
,vessels
,in
,the
,region
,.
Sentence: 198,It
,said
,the
,loss
,was
,significant
,in
,a
,region
,where
,fishing
,provides
,a
,vital
,source
,of
,food
,.
Sentence: 199,The
,FAO
,'s
,estimate
,includes
,damage
,to
,fishing
,industries
,in
,Indonesia
,","
,Maldives
,","
,Somalia
,","
,Sri
,Lanka
,and
,Thailand
,.
Sentence: 200,The
,agency
,says
,it
,has
,sent
,experts
,to
,help
,rebuild
,fishing
,industry
,infrastructure
,lost
,in
,the
,disaster
,and
,is
,developing
,strategies
,for
,long-term
,recovery
,in
,the
,region
,.
Sentence: 201,Officials
,in
,Indonesia
,say
,another
,person
,has
,died
,from
,bird
,flu
,","
,bringing
,the
,country
,'s
,death
,toll
,from
,the
,disease
,to
,96
,since
,the
,outbreak
,started
,in
,2003
,.
Sentence: 202,The
,latest
,victim
,was
,a
,16-year-old
,girl
,from
,the
,town
,of
,Bekasi
,","
,on
,the
,eastern
,outskirts
,of
,Jakarta
,.
Sentence: 203,Officials
,say
,she
,died
,Tuesday
,.
Sentence: 204,Monday
,","
,officials
,reported
,that
,a
,32-year-old
,woman
,from
,an
,area
,just
,west
,of
,Jakarta
,died
,of
,bird
,flu
,last
,week
,","
,at
,her
,home
,in
,the
,city
,of
,Tangerang
,.
Sentence: 205,A
,statement
,from
,the
,health
,ministry
,said
,the
,woman
,'s
,family
,kept
,chickens
,in
,their
,backyard
,.
Sentence: 206,Humans
,are
,usually
,infected
,with
,bird
,flu
,by
,direct
,contact
,with
,infected
,poultry
,","
,but
,experts
,fear
,the
,H5N1
,virus
,may
,mutate
,into
,a
,form
,easily
,transmitted
,between
,people
,.
Sentence: 207,Scientists
,fear
,such
,a
,mutation
,could
,spark
,a
,global
,pandemic
,with
,a
,potential
,death
,toll
,of
,millions
,.
Sentence: 208,Thailand
,says
,it
,has
,photo
,evidence
,to
,prove
,its
,claim
,that
,Islamic
,militants
,responsible
,for
,violence
,in
,Thailand
,'s
,Muslim-majority
,south
,are
,training
,in
,neighboring
,Malaysia
,.
Sentence: 209,Thai
,Deputy
,Interior
,Minister
,Sutham
,Saengprathum
,says
,the
,photos
,show
,the
,militants
,training
,in
,Malaysia
,'s
,northern
,Kelantan
,state
,","
,which
,borders
,southern
,Thailand
,.
Sentence: 210,He
,said
,if
,Malaysia
,wants
,to
,see
,the
,photos
,","
,Bangkok
,will
,provide
,them
,.
Sentence: 211,Thai
,Prime
,Minister
,Thaksin
,Shinawatra
,has
,said
,he
,believes
,some
,of
,the
,insurgents
,have
,been
,trained
,in
,Malaysia
,","
,Indonesia
,and
,southern
,Thailand
,.
Sentence: 212,Malaysia
,and
,Indonesia
,have
,demanded
,proof
,of
,Bangkok
,'s
,allegations
,.
Sentence: 213,More
,than
,500
,people
,have
,been
,killed
,this
,year
,in
,an
,insurgency
,that
,some
,say
,is
,supported
,by
,extremist
,Muslims
,in
,Indonesia
,and
,Malaysia
,.
Sentence: 214,Anti-Japanese
,protests
,in
,the
,western
,Chinese
,city
,of
,Shanghai
,turned
,violent
,Saturday
,","
,with
,protesters
,pelting
,the
,Japanese
,consulate
,with
,rocks
,","
,bottles
,and
,eggs
,.
Sentence: 215,Several
,thousand
,people
,took
,to
,the
,streets
,of
,Shanghai
,as
,part
,of
,a
,new
,wave
,of
,anti-Japanese
,protests
,over
,Japan
,'s
,bid
,for
,a
,permanent
,seat
,on
,the
,U.N.
,Security
,Council
,and
,Tokyo
,'s
,alleged
,downplaying
,of
,war
,atrocities
,.
Sentence: 216,In
,Beijing
,","
,police
,are
,out
,in
,force
,waiting
,for
,protests
,to
,begin
,in
,the
,capital
,.
Sentence: 217,State
,Councilor
,Tang
,Jiaxuan
,told
,the
,official
,Xinhua
,news
,agency
,that
,China
,'s
,government
,is
,urging
,people
,to
,protest
,in
,a
,calm
,and
,orderly
,manner
,.
Sentence: 218,Japan
,'s
,Foreign
,Minister
,","
,Nobutaka
,Machimura
,","
,arrives
,Sunday
,in
,Beijing
,for
,talks
,with
,his
,Chinese
,counterpart
,","
,Li
,Zhaoxing
,","
,to
,discuss
,relations
,between
,the
,two
,countries
,.
Sentence: 219,Organizers
,of
,the
,2012
,Summer
,Olympics
,in
,London
,have
,promised
,the
,""""
,greenest
,games
,""""
,in
,history
,and
,sought
,to
,soothe
,concerns
,about
,the
,rising
,cost
,of
,the
,event
,.
Sentence: 220,With
,"2,012"
,days
,to
,go
,until
,the
,Games
,get
,under
,way
,","
,organizers
,said
,the
,design
,would
,champion
,low
,waste
,","
,low
,carbon
,emissions
,and
,environmentally
,friendly
,transportation
,.
Sentence: 221,The
,Olympic
,Delivery
,Authority
,has
,promised
,to
,cut
,emissions
,50
,percent
,by
,generating
,energy
,on
,site
,and
,using
,renewable
,energy
,.
Sentence: 222,Prime
,Minister
,Tony
,Blair
,said
,London
,is
,farther
,ahead
,in
,preparations
,at
,this
,stage
,than
,any
,other
,previous
,Olympic
,host
,city
,.
Sentence: 223,The
,British
,government
,wants
,to
,have
,the
,Olympic
,budget
,finalized
,early
,this
,year
,","
,but
,costs
,have
,already
,risen
,substantially
,since
,London
,won
,the
,bid
,in
,July
,of
,2005
,.
Sentence: 224,A
,select
,committee
,report
,due
,Wednesday
,is
,expected
,to
,be
,highly
,critical
,of
,the
,government
,'s
,financing
,of
,the
,Games
,.
Sentence: 225,China
,'s
,giant
,pandas
,have
,been
,on
,endangered
,species
,lists
,for
,nearly
,30
,years
,.
Sentence: 226,There
,are
,only
,about
,"1,600"
,pandas
,still
,living
,in
,the
,wild
,in
,China
,.
Sentence: 227,One
,of
,the
,2008
,Olympic
,mascots
,is
,modeled
,on
,a
,panda
,called
,Jing
,Jing
,.
Sentence: 228,Conservationists
,hope
,she
,will
,help
,draw
,attention
,to
,the
,threats
,facing
,the
,giant
,panda
,--
,one
,of
,China
,'s
,national
,symbols
,.
Sentence: 229,Sam
,Beattie
,reports
,from
,Jing
,Jing
,'s
,home
,in
,Sichuan
,province
,.
Sentence: 230,British
,defense
,officials
,say
,14
,British
,military
,personnel
,have
,been
,killed
,in
,a
,crash
,of
,a
,NATO
,aircraft
,in
,southern
,Afghanistan
,.
Sentence: 231,A
,NATO
,spokesman
,says
,the
,aircraft
,went
,off
,the
,radar
,and
,crashed
,in
,an
,open
,area
,near
,Kandahar
,Saturday
,.
Sentence: 232,Officials
,say
,the
,aircraft
,was
,supporting
,a
,NATO
,mission
,in
,the
,country
,'s
,south
,","
,but
,there
,is
,no
,indication
,of
,enemy
,action
,causing
,the
,crash
,.
Sentence: 233,The
,crash
,comes
,as
,NATO
,forces
,launched
,an
,offensive
,to
,drive
,Taleban
,remnants
,out
,of
,Kandahar
,.
Sentence: 234,Officials
,say
,""""
,Operation
,Medusa
,""""
,is
,aimed
,at
,removing
,the
,Taleban
,threat
,so
,that
,stability
,","
,reconstruction
,and
,development
,can
,be
,achieved
,in
,the
,area
,.
Sentence: 235,Sri
,Lankan
,authorities
,say
,a
,prominent
,Tamil
,journalist
,was
,found
,shot
,dead
,Friday
,in
,Colombo
,","
,hours
,after
,he
,was
,abducted
,by
,several
,attackers
,as
,he
,left
,a
,restaurant
,.
Sentence: 236,Dharmeratnam
,Sivaram
,was
,a
,board
,member
,of
,the
,pro-rebel
,TamilNet
,Web
,site
,and
,a
,columnist
,for
,Sri
,Lanka
,'s
,english
,newspaper
,","
,the
,Daily
,Mirror
,.
Sentence: 237,Mr.
,Sivaram
,'s
,Web
,site
,became
,popular
,for
,ongoing
,reports
,on
,the
,Sri
,Lankan
,civil
,war
,and
,was
,a
,prominent
,supporter
,of
,the
,Tamil
,Tiger
,rebel
,movement
,.
Sentence: 238,Mr.
,Sivaram
,","
,who
,was
,also
,brutally
,attacked
,in
,2001
,","
,was
,found
,near
,a
,lake
,gagged
,with
,gunshot
,wounds
,to
,the
,head
,.
Sentence: 239,No
,one
,claimed
,responsibility
,for
,the
,killing
,.
Sentence: 240,Japan
,and
,North
,Korea
,say
,they
,are
,considering
,a
,resumption
,of
,bilateral
,talks
,as
,part
,of
,efforts
,to
,normalize
,relations
,.
Sentence: 241,Japanese
,media
,reported
,Monday
,that
,the
,two
,countries
,hope
,to
,arrange
,to
,hold
,the
,talks
,in
,Beijing
,in
,early
,November
,.
Sentence: 242,The
,talks
,could
,come
,before
,six-party
,talks
,on
,North
,Korea
,'s
,nuclear
,ambitions
,resume
,.
Sentence: 243,Japan
,and
,North
,Korea
,have
,not
,had
,formal
,bilateral
,talks
,for
,about
,a
,year
,.
Sentence: 244,Tokyo
,and
,Pyongyang
,are
,at
,odds
,over
,North
,Korea
,'s
,nuclear
,weapons
,program
,and
,the
,North
,'s
,kidnapping
,of
,Japanese
,citizens
,in
,the
,1970s
,and
,1980s
,.
Sentence: 245,A
,human
,rights
,group
,has
,accused
,coalition
,forces
,in
,Iraq
,of
,failing
,to
,secure
,evidence
,considered
,vital
,to
,the
,upcoming
,war
,crimes
,trial
,of
,former
,Iraqi
,leader
,Saddam
,Hussein
,.
Sentence: 246,Human
,Rights
,Watch
,","
,in
,a
,report
,released
,Thursday
,","
,said
,coalition
,forces
,failed
,to
,stop
,people
,from
,stealing
,thousands
,of
,Iraqi
,government
,documents
,in
,the
,months
,after
,the
,2003
,invasion
,of
,Iraq
,.
Sentence: 247,The
,group
,also
,accused
,troops
,of
,failing
,to
,stop
,people
,from
,damaging
,several
,mass
,graves
,in
,the
,war-torn
,country
,.
Sentence: 248,The
,Associated
,Press
,quotes
,a
,U.S.
,Defense
,Department
,spokeswoman
,as
,saying
,it
,has
,not
,reviewed
,the
,report
,.
Sentence: 249,Saddam
,Hussein
,was
,arraigned
,in
,July
,at
,a
,U.S.
,military
,base
,on
,the
,outskirts
,of
,Baghdad
,.
Sentence: 250,He
,faces
,charges
,of
,war
,crimes
,","
,genocide
,and
,crimes
,against
,humanity
,.
Sentence: 251,Egypt
,'s
,government
,and
,the
,World
,Health
,Organization
,say
,three
,Egyptian
,children
,have
,been
,hospitalized
,with
,the
,deadly
,form
,of
,avian
,flu
,.
Sentence: 252,The
,children
,come
,from
,different
,parts
,of
,the
,country
,.
Sentence: 253,WHO
,says
,they
,are
,receiving
,treatment
,and
,are
,in
,stable
,condition
,.
Sentence: 254,The
,organization
,says
,the
,children
,had
,a
,history
,of
,contact
,with
,dead
,birds
,.
Sentence: 255,Thirty
,two
,Egyptians
,have
,contracted
,the
,H5N1
,form
,of
,avian
,flu
,.
Sentence: 256,Thirteen
,of
,them
,have
,died
,.
Sentence: 257,Egypt
,has
,had
,the
,largest
,number
,of
,human
,bird
,flu
,cases
,outside
,of
,Asia
,.
Sentence: 258,The
,head
,of
,the
,U.N.
,investigation
,into
,the
,Iraq
,oil-for-food
,program
,says
,Saddam
,Hussein
,illegally
,obtained
,more
,money
,from
,oil
,smuggling
,than
,from
,corruption
,in
,the
,U.N.
,program
,.
Sentence: 259,Former
,U.S.
,Federal
,Reserve
,Chairman
,Paul
,Volcker
,says
,the
,smuggling
,began
,before
,the
,start
,of
,the
,oil-for-food
,program
,","
,and
,was
,known
,to
,the
,United
,Nations
,Security
,Council
,.
Sentence: 260,In
,an
,interview
,with
,the
,U.S.
,government-funded
,alHurra
,television
,station
,","
,Mr.
,Volcker
,said
,there
,is
,a
,lot
,of
,confusion
,about
,how
,much
,money
,Saddam
,obtained
,from
,the
,oil-for-food
,program
,itself
,.
Sentence: 261,He
,refused
,to
,provide
,specific
,estimates
,","
,but
,said
,large
,amounts
,that
,have
,been
,reported
,in
,the
,media
,were
,from
,smuggling
,and
,not
,from
,funds
,diverted
,from
,the
,program
,.
Sentence: 262,The
,United
,Nations
,created
,the
,oil-for-food
,program
,after
,the
,first
,Gulf
,War
,to
,allow
,Iraq
,to
,sell
,oil
,and
,use
,the
,profits
,for
,the
,Iraqi
,people
,'s
,humanitarian
,needs
,.
Sentence: 263,Kyrgyzstan
,'s
,Justice
,Ministry
,says
,four
,people
,","
,including
,parliament
,member
,Tynychbek
,Akmatbayev
,","
,have
,been
,killed
,at
,a
,prison
,near
,Bishkek
,after
,inmates
,took
,them
,hostage
,.
Sentence: 264,Interior
,Minister
,Murat
,Sutalinov
,is
,at
,the
,prison
,to
,head
,negotiations
,with
,the
,inmates
,.
Sentence: 265,The
,ministry
,gave
,no
,other
,details
,.
Sentence: 266,It
,is
,not
,clear
,if
,the
,hostage-takers
,made
,any
,demands
,.
Sentence: 267,Mr.
,Akmatbayev
,was
,involved
,in
,negotiations
,on
,Wednesday
,at
,another
,Kyrgyz
,prison
,where
,a
,riot
,over
,poor
,living
,conditions
,forced
,the
,staff
,to
,evacuate
,earlier
,this
,week
,.
Sentence: 268,That
,prison
,","
,also
,near
,Bishkek
,","
,remained
,surrounded
,by
,security
,forces
,on
,Thursday
,.
Sentence: 269,A
,commercial
,airplane
,taking
,off
,from
,Western
,Europe
,has
,landed
,in
,Iraq
,for
,the
,first
,time
,in
,nearly
,20
,years
,.
Sentence: 270,The
,plane
,","
,operated
,by
,France
,'s
,Aigle
,Azur
,airline
,","
,took
,off
,from
,Charles
,De
,Gaulle
,airport
,in
,Paris
,late
,Saturday
,and
,touched
,down
,at
,Baghdad
,International
,Airport
,early
,Sunday
,.
Sentence: 271,Officials
,said
,this
,first
,flight
,was
,largely
,ceremonial
,","
,and
,that
,most
,of
,the
,passengers
,were
,French
,diplomats
,and
,business
,leaders
,.
Sentence: 272,One
,of
,the
,passengers
,","
,French
,Foreign
,Trade
,Minister
,Anne-Marie
,Idrac
,","
,called
,it
,a
,historic
,day
,for
,cooperation
,between
,France
,and
,Iraq
,.
Sentence: 273,Regular
,service
,between
,Paris
,and
,Baghdad
,is
,not
,expected
,to
,start
,for
,at
,least
,several
,weeks
,.
Sentence: 274,Aigle
,Azur
,is
,just
,one
,of
,a
,number
,of
,airlines
,to
,start
,flying
,to
,Baghdad
,.
Sentence: 275,Etihad
,and
,Emirates
,airlines
,","
,both
,operating
,out
,of
,the
,United
,Arab
,Emirates
,","
,started
,flying
,to
,Baghdad
,earlier
,this
,year
,.
Sentence: 276,A
,new
,government
,report
,shows
,U.S.
,businesses
,added
,a
,moderate
,"1,11,000"
,new
,jobs
,in
,January
,.
Sentence: 277,The
,Labor
,Department
,Friday
,issued
,a
,report
,that
,also
,showed
,the
,U.S.
,unemployment
,rate
,increased
,for
,the
,first
,time
,in
,three
,months
,-
,to
,4.6
,percent
,.
Sentence: 278,According
,to
,the
,report
,","
,American
,workers
,earned
,an
,average
,of
,$
,17.09
,an
,hour
,in
,January
,-
,a
,slight
,increase
,from
,the
,previous
,month
,.
Sentence: 279,Analysts
,say
,the
,Department
,of
,Labor
,report
,will
,help
,ease
,worries
,that
,a
,tight
,labor
,market
,will
,significantly
,inflate
,wages
,and
,costs
,.
Sentence: 280,Earlier
,this
,week
,","
,the
,U.S.
,central
,bank
,decided
,to
,maintain
,a
,key
,interest
,rate
,","
,despite
,the
,risk
,of
,inflation
,.
Sentence: 281,Venezuelan
,President
,Hugo
,Chavez
,has
,denounced
,Colombia
,'s
,defense
,minister
,as
,an
,obstacle
,to
,peace
,and
,a
,pawn
,of
,the
,United
,States
,.
Sentence: 282,Mr.
,Chavez
,reacted
,sharply
,Sunday
,to
,the
,defense
,minister
,'s
,remarks
,about
,a
,meeting
,between
,Mr.
,Chavez
,and
,Colombian
,President
,Alvaro
,Uribe
,.
Sentence: 283,The
,two
,presidents
,met
,Friday
,to
,try
,to
,mend
,ties
,between
,their
,countries
,.
Sentence: 284,After
,the
,meeting
,","
,Colombian
,Defense
,Minister
,Juan
,Manuel
,Santos
,said
,he
,hoped
,Venezuela
,would
,follow
,through
,with
,promises
,made
,during
,the
,meeting
,.
Sentence: 285,During
,a
,televised
,speech
,Sunday
,","
,Mr.
,Chavez
,called
,on
,President
,Uribe
,to
,put
,his
,defense
,minister
,in
,his
,place
,.
Sentence: 286,Tensions
,between
,the
,two
,countries
,rose
,in
,March
,when
,Colombia
,attacked
,a
,rebel
,camp
,in
,Ecuador
,.
Sentence: 287,Venezuela
,responded
,by
,sending
,troops
,to
,the
,Colombian
,border
,.
Sentence: 288,China
,has
,lashed
,out
,at
,a
,U.S.
,report
,critical
,of
,Chinese
,policies
,on
,religious
,freedom
,","
,saying
,such
,criticism
,could
,harm
,U.S.
,-
,China
,relations
,.
Sentence: 289,In
,its
,annual
,report
,issued
,Wednesday
,","
,the
,U.S.
,Commission
,on
,International
,Religious
,Freedom
,said
,China
,continues
,to
,be
,responsible
,for
,pervasive
,and
,severe
,violations
,of
,religious
,freedom
,","
,regularly
,imprisoning
,and
,harassing
,religious
,leaders
,and
,practitioners
,.
Sentence: 290,In
,a
,statement
,Saturday
,Chinese
,Foreign
,Ministry
,spokesman
,Liu
,Jianchao
,accused
,the
,U.S.
,body
,of
,attempting
,to
,interfere
,with
,Chinese
,internal
,affairs
,under
,the
,guise
,of
,religious
,freedom
,.
Sentence: 291,He
,said
,such
,criticism
,runs
,counter
,to
,the
,good
,development
,of
,U.S
,-
,China
,relations
,.
Sentence: 292,Liu
,said
,China
,protects
,the
,religious
,freedom
,of
,Chinese
,citizens
,according
,to
,law
,","
,and
,that
,citizens
,enjoy
,full
,freedom
,of
,religion
,.
Sentence: 293,China
,'s
,communist
,government
,allows
,worship
,only
,in
,state-approved
,and
,state-monitored
,churches
,","
,temples
,and
,mosques
,.
Sentence: 294,People
,who
,worship
,in
,unauthorized
,ways
,are
,subject
,to
,arrest
,.
Sentence: 295,President
,Bush
,has
,issued
,14
,pardons
,to
,convicted
,criminals
,","
,and
,has
,commuted
,the
,prison
,sentences
,of
,two
,others
,.
Sentence: 296,The
,pardons
,","
,announced
,Monday
,","
,include
,no
,high-profile
,names
,.
Sentence: 297,They
,were
,for
,people
,convicted
,of
,such
,acts
,as
,bank
,embezzlement
,","
,making
,FALSE
,statements
,to
,the
,federal
,government
,","
,unlawfully
,killing
,wildlife
,","
,and
,committing
,drug
,offenses
,.
Sentence: 298,Including
,Monday
,'s
,actions
,","
,Mr.
,Bush
,has
,granted
,171
,pardons
,and
,commuted
,eight
,sentences
,while
,U.S.
,president
,.
Sentence: 299,Pardons
,are
,one
,of
,the
,president
,'s
,absolute
,powers
,","
,and
,in
,recent
,years
,it
,has
,become
,typical
,for
,the
,president
,to
,issue
,pardons
,as
,he
,prepares
,to
,leave
,office
,.
Sentence: 300,White
,House
,officials
,say
,he
,made
,the
,pardon
,decisions
,on
,a
,case-by-case
,basis
,","
,and
,will
,continue
,to
,review
,clemency
,requests
,.
Sentence: 301,Uganda
,'s
,government
,and
,rebels
,of
,the
,Lord
,'s
,Resistance
,Army
,are
,nearing
,a
,peace
,deal
,to
,end
,more
,than
,20
,years
,of
,conflict
,.
Sentence: 302,Officials
,close
,to
,the
,negotiations
,say
,an
,accord
,signed
,Friday
,provides
,for
,the
,disarmament
,and
,demobilization
,of
,the
,LRA
,.
Sentence: 303,The
,two
,sides
,signed
,a
,permanent
,cease-fire
,agreement
,last
,Saturday
,during
,peace
,talks
,in
,Sudan
,.
Sentence: 304,However
,","
,there
,is
,still
,uncertainty
,the
,rebels
,will
,sign
,the
,final
,peace
,deal
,until
,rebel
,leader
,Joseph
,Kony
,is
,granted
,immunity
,from
,international
,prosecution
,.
Sentence: 305,Kony
,is
,one
,of
,five
,LRA
,officials
,sought
,by
,the
,International
,Criminal
,Court
,for
,alleged
,war
,crimes
,.
Sentence: 306,LRA
,fighters
,are
,accused
,of
,murdering
,thousands
,of
,civilians
,and
,raping
,and
,mutilating
,others
,during
,the
,long
,insurgency
,in
,northern
,Uganda
,.
Sentence: 307,World
,number
,one
,men
,'s
,tennis
,player
,Roger
,Federer
,has
,been
,nearly
,unbeatable
,in
,the
,past
,year
,.
Sentence: 308,But
,his
,warmup
,for
,the
,Australian
,Open
,has
,abruptly
,ended
,with
,a
,rare
,loss
,.
Sentence: 309,The
,Swiss
,star
,was
,upset
,Wednesday
,by
,German
,Tommy
,Haas
,in
,the
,opening
,match
,of
,the
,Kooyong
,Classic
,in
,Melbourne
,.
Sentence: 310,Because
,he
,was
,playing
,in
,exhibition
,tournament
,","
,the
,loss
,will
,not
,count
,on
,his
,Association
,of
,Tennis
,Professionals
,Tour
,record
,.
Sentence: 311,The
,41st
,ranked
,Haas
,fended
,off
,three
,break
,points
,while
,serving
,for
,the
,match
,and
,closed
,a
,3-Jun
,","
,6-Apr
,","
,6-Apr
,win
,with
,an
,ace
,.
Sentence: 312,Federer
,said
,he
,is
,completely
,healthy
,and
,has
,no
,concerns
,that
,the
,ankle
,problem
,that
,curtailed
,his
,last
,season
,would
,flare
,up
,before
,the
,Australian
,Open
,","
,which
,starts
,Monday
,.
Sentence: 313,The
,European
,Space
,Agency
,says
,it
,has
,received
,the
,first
,images
,and
,scientific
,readings
,from
,the
,surface
,of
,Saturn
,'s
,moon
,Titan
,.
Sentence: 314,Officials
,at
,agency
,headquarters
,in
,Germany
,Friday
,say
,information
,taken
,from
,the
,Huygens
,space
,probe
,show
,what
,looks
,like
,drainage
,channels
,on
,the
,moon
,.
Sentence: 315,They
,say
,the
,surface
,has
,canyons
,that
,were
,most
,likely
,caused
,by
,some
,type
,of
,liquid
,.
Sentence: 316,The
,space
,probe
,began
,transmitting
,data
,to
,the
,Cassini
,spacecraft
,while
,landing
,on
,Saturn
,'s
,largest
,moon
,earlier
,Friday
,.
Sentence: 317,Scientists
,say
,the
,information
,from
,Huygens
,-
,operated
,jointly
,by
,the
,American
,","
,European
,and
,Italian
,space
,agencies
,-
,may
,provide
,clues
,about
,how
,primitive
,Earth
,evolved
,into
,a
,life-bearing
,planet
,.
Sentence: 318,Ugandan
,opposition
,leader
,Kizza
,Besigye
,has
,been
,released
,on
,bail
,","
,after
,a
,judge
,ruled
,his
,detention
,by
,the
,military
,was
,illegal
,.
Sentence: 319,Police
,fired
,tear
,gas
,to
,disperse
,hundreds
,of
,Dr.
,Besigye
,'s
,supporters
,who
,took
,to
,the
,streets
,in
,Kampala
,after
,his
,release
,Monday
,.
Sentence: 320,Uganda
,'s
,military
,had
,detained
,Dr.
,Besigye
,since
,November
,","
,when
,he
,returned
,from
,self-imposed
,exile
,to
,run
,against
,President
,Yoweri
,Museveni
,in
,next
,month
,'s
,presidential
,election
,.
Sentence: 321,A
,military
,tribunal
,has
,charged
,Dr.
,Besigye
,with
,terrorism
,and
,possessing
,illegal
,weapons
,.
Sentence: 322,But
,a
,Ugandan
,High
,Court
,Judge
,","
,John
,Bosco
,Katutsi
,","
,said
,his
,detention
,was
,illegal
,because
,the
,High
,Court
,had
,suspended
,the
,military
,trial
,.
Sentence: 323,Dr.
,Besigye
,still
,faces
,rape
,charges
,","
,for
,which
,a
,civilian
,trial
,began
,Monday
,.
Sentence: 324,He
,has
,denied
,all
,the
,charges
,","
,which
,supporters
,say
,were
,trumped
,up
,to
,keep
,him
,from
,running
,for
,president
,.
Sentence: 325,U.S.
,President
,Barack
,Obama
,says
,improvements
,in
,the
,American
,health
,care
,system
,are
,inevitable
,.
Sentence: 326,Mr.
,Obama
,made
,his
,comments
,in
,the
,White
,House
,Rose
,Garden
,Monday
,as
,he
,nominated
,an
,African-American
,woman
,","
,Regina
,Benjamin
,","
,to
,become
,the
,U.S.
,Surgeon
,General
,.
Sentence: 327,The
,president
,said
,""""
,naysayers
,and
,cynics
,""""
,should
,not
,bet
,against
,the
,passage
,of
,health
,insurance
,legislation
,.
Sentence: 328,He
,also
,said
,inaction
,on
,the
,issue
,is
,not
,an
,option
,.
Sentence: 329,Mr.
,Obama
,has
,vowed
,to
,sign
,a
,health
,care
,bill
,into
,law
,this
,year
,.
Sentence: 330,Democrats
,in
,the
,House
,of
,Representatives
,say
,they
,are
,nearly
,ready
,to
,unveil
,their
,health
,care
,reform
,plan
,.
Sentence: 331,Controversy
,over
,extending
,health
,coverage
,to
,uninsured
,Americans
,centers
,on
,how
,to
,pay
,for
,it
,.
Sentence: 332,It
,is
,expected
,to
,cost
,$
,1
,trillion
,over
,10
,years
,.
Sentence: 333,World
,Bank
,member
,nations
,meeting
,in
,Washington
,have
,approved
,a
,debt
,relief
,plan
,for
,17
,African
,and
,Latin
,American
,countries
,that
,could
,total
,$
,37
,billion
,over
,40
,years
,.
Sentence: 334,World
,Bank
,President
,Paul
,Wolfowitz
,said
,two-thirds
,of
,the
,bank
,members
,have
,now
,approved
,the
,plan
,","
,meaning
,the
,bank
,could
,start
,forgiving
,debts
,in
,July
,.
Sentence: 335,The
,move
,follows
,July
,'s
,pledge
,from
,the
,wealthy
,G-8
,countries
,to
,cancel
,the
,debt
,of
,the
,world
,'s
,poorest
,countries
,","
,many
,of
,which
,are
,located
,in
,Africa
,.
Sentence: 336,The
,17
,countries
,now
,eligible
,for
,World
,Bank
,debt
,relief
,are
,Benin
,","
,Bolivia
,","
,Burkina
,Faso
,","
,Ethiopia
,","
,Ghana
,","
,Guyana
,","
,Honduras
,","
,Madagascar
,","
,Mali
,","
,Mozambique
,","
,Nicaragua
,","
,Niger
,","
,Rwanda
,","
,Senegal
,","
,Tanzania
,","
,Uganda
,and
,Zambia
,.
Sentence: 337,Iran
,has
,closed
,government
,offices
,and
,schools
,in
,Tehran
,for
,two
,days
,because
,of
,wind-blown
,dust
,that
,has
,polluted
,the
,capital
,.
Sentence: 338,Government
,authorities
,have
,declared
,Tuesday
,and
,Wednesday
,a
,public
,holiday
,","
,and
,Iranian
,media
,say
,many
,domestic
,airline
,flights
,have
,been
,canceled
,.
Sentence: 339,Medical
,authorities
,are
,advising
,people
,with
,heart
,and
,respiratory
,problems
,to
,stay
,inside
,.
Sentence: 340,Iran
,'s
,Press
,TV
,says
,Tehran
,'s
,Air
,Quality
,Control
,Company
,has
,found
,the
,amount
,of
,potentially
,harmful
,particulate
,in
,the
,air
,has
,reached
,dangerous
,levels
,.
Sentence: 341,The
,dust
,has
,blown
,in
,from
,Saudi
,Arabia
,and
,neighboring
,Iraq
,","
,where
,a
,severe
,sandstorm
,recently
,blanketed
,the
,capital
,","
,Baghdad
,.
Sentence: 342,Sandstorms
,can
,be
,caused
,by
,heavy
,winds
,blowing
,across
,deserts
,","
,or
,across
,land
,that
,has
,lost
,its
,fertile
,top
,soil
,and
,greenery
,.
Sentence: 343,Shortly
,before
,midnight
,a
,suicide
,bomber
,blew
,himself
,up
,in
,a
,crowd
,of
,young
,Israelis
,waiting
,to
,get
,into
,a
,beachfront
,nightclub
,in
,Tel
,Aviv
,.
Sentence: 344,Israeli
,police
,say
,the
,bomber
,was
,spotted
,and
,prevented
,from
,entering
,the
,club
,.
Sentence: 345,They
,say
,if
,he
,had
,gotten
,inside
,the
,carnage
,would
,have
,been
,even
,worse
,.
Sentence: 346,It
,is
,unclear
,who
,was
,behind
,the
,attack
,with
,major
,Palestinian
,militant
,groups
,saying
,they
,had
,nothing
,to
,do
,with
,it
,.
Sentence: 347,A
,statement
,released
,by
,Palestinian
,President
,Mahmoud
,Abbas
,in
,Ramallah
,vowed
,to
,track
,down
,and
,punish
,those
,responsible
,","
,saying
,this
,was
,an
,attempt
,to
,sabotage
,the
,peace
,process
,.
Sentence: 348,The
,bombing
,shatters
,weeks
,of
,calm
,after
,Mr.
,Abbas
,declared
,a
,truce
,during
,a
,summit
,with
,Israeli
,Prime
,Minister
,Ariel
,Sharon
,in
,Egypt
,earlier
,this
,month
,.
Sentence: 349,Indonesian
,officials
,say
,they
,have
,signed
,an
,initial
,agreement
,with
,Russia
,to
,build
,a
,space
,launch
,center
,on
,the
,remote
,island
,of
,Biak
,off
,the
,coast
,of
,Papua
,New
,Guinea
,.
Sentence: 350,An
,Indonesian
,foreign
,ministry
,spokesman
,says
,senior
,officials
,from
,both
,countries
,reached
,the
,preliminary
,agreement
,last
,week
,.
Sentence: 351,They
,say
,the
,island
,is
,well-suited
,for
,the
,project
,because
,of
,its
,proximity
,to
,the
,equator
,","
,which
,makes
,it
,easier
,to
,launch
,satellites
,into
,some
,Earth
,orbits
,.
Sentence: 352,The
,spokesman
,says
,a
,formal
,agreement
,on
,the
,project
,will
,be
,signed
,in
,June
,when
,Indonesian
,President
,Susilo
,Bambang
,Yudhoyono
,is
,scheduled
,to
,visit
,Moscow
,.
Sentence: 353,An
,Algerian
,man
,goes
,on
,trial
,Monday
,in
,France
,for
,terrorist
,attacks
,on
,the
,Paris
,subway
,in
,1995
,.
Sentence: 354,Prosecutors
,say
,Rachid
,Ramda
,helped
,fund
,at
,least
,three
,bombings
,on
,the
,Paris
,metro
,.
Sentence: 355,If
,he
,is
,convicted
,","
,Ramda
,could
,get
,life
,in
,prison
,.
Sentence: 356,The
,38-year-old
,is
,already
,serving
,a
,10-year
,sentence
,in
,France
,after
,he
,was
,convicted
,last
,year
,on
,terrorism
,charges
,.
Sentence: 357,Police
,say
,Ramda
,operated
,from
,London
,where
,investigators
,say
,they
,found
,evidence
,that
,he
,sent
,money
,to
,terrorists
,.
Sentence: 358,He
,is
,accused
,of
,helping
,fund
,attacks
,carried
,out
,by
,an
,Algerian
,militant
,organization
,the
,Armed
,Islamic
,Group
,.
Sentence: 359,British
,police
,arrested
,Ramda
,in
,1995
,.
Sentence: 360,He
,fought
,extradition
,to
,France
,for
,10
,years
,.
Sentence: 361,In
,Monday
,'s
,trial
,","
,Ramda
,is
,facing
,charges
,of
,being
,an
,accomplice
,to
,at
,least
,three
,bombings
,on
,the
,Paris
,subway
,","
,including
,the
,July
,25
,","
,1995
,attack
,that
,killed
,eight
,people
,and
,injured
,more
,than
,150
,.
Sentence: 362,The
,United
,Nations
,says
,Sudanese
,refugees
,have
,begun
,returning
,from
,the
,Central
,African
,Republic
,under
,a
,new
,deal
,between
,the
,countries
,and
,the
,U.N.
,refugee
,agency
,.
Sentence: 363,The
,U.N.
,says
,the
,deal
,","
,which
,was
,signed
,Wednesday
,","
,will
,allow
,some
,"16,000"
,Sudanese
,refugees
,living
,in
,the
,CAR
,to
,voluntarily
,return
,home
,.
Sentence: 364,It
,says
,the
,first
,group
,of
,refugees
,was
,scheduled
,to
,fly
,home
,Thursday
,.
Sentence: 365,Five
,thousand
,refugees
,are
,expected
,to
,return
,to
,Sudan
,by
,April
,.
Sentence: 366,The
,rest
,will
,go
,home
,by
,the
,end
,of
,the
,year
,.
Sentence: 367,The
,deal
,is
,one
,of
,several
,involving
,Sudan
,reached
,this
,week
,by
,the
,refugee
,agency
,and
,Sudan
,'s
,neighbors
,.
Sentence: 368,The
,U.N.
,says
,the
,other
,agreements
,will
,allow
,for
,the
,return
,of
,"13,000"
,Sudanese
,refugees
,living
,in
,the
,Democratic
,Republic
,of
,Congo
,","
,and
,for
,the
,return
,of
,nearly
,"7,000"
,Congolese
,refugees
,currently
,in
,Sudan
,.
Sentence: 369,Police
,in
,Japan
,say
,a
,teacher
,stabbed
,to
,death
,a
,12-year-old
,girl
,Saturday
,in
,the
,country
,'s
,third
,killing
,of
,a
,school
,girl
,in
,less
,than
,three
,weeks
,.
Sentence: 370,Yu
,Hagino
,","
,23
,","
,was
,arrested
,at
,the
,murder
,scene
,","
,a
,school
,in
,the
,western
,city
,of
,Uji
,.
Sentence: 371,Police
,say
,the
,suspect
,confessed
,to
,stabbing
,the
,girl
,with
,a
,knife
,after
,arguing
,with
,her
,.
Sentence: 372,The
,killing
,follows
,the
,recent
,murders
,of
,two
,school
,girls
,in
,the
,space
,of
,just
,over
,a
,week
,.
Sentence: 373,The
,two
,were
,killed
,in
,separate
,incidents
,as
,they
,walked
,home
,alone
,from
,elementary
,school
,along
,deserted
,roads
,.
Sentence: 374,Radical
,Islamic
,cleric
,Omar
,Bakri
,Mohammed
,has
,called
,on
,all
,Muslims
,to
,leave
,Europe
,.
Sentence: 375,In
,an
,interview
,with
,French
,television
,to
,be
,broadcast
,Monday
,","
,Mr.
,Bakri
,says
,Muslims
,will
,one
,day
,return
,to
,Europe
,","
,and
,the
,Islamic
,flag
,will
,fly
,over
,Downing
,Street
,","
,the
,home
,of
,Britain
,'s
,prime
,minister
,.
Sentence: 376,The
,interview
,took
,place
,in
,Beirut
,where
,Mr.
,Bakri
,lives
,after
,the
,British
,government
,stripped
,him
,of
,his
,residency
,in
,its
,campaign
,to
,rein
,in
,radical
,Islamic
,leaders
,.
Sentence: 377,Mr.
,Bakri
,triggered
,British
,outrage
,after
,the
,July
,7
,bombings
,in
,London
,when
,he
,said
,he
,would
,never
,tip
,off
,police
,if
,he
,knew
,a
,Muslim
,was
,about
,to
,carry
,out
,an
,attack
,.
Sentence: 378,In
,the
,France
,3
,interview
,","
,Mr.
,Bakri
,says
,the
,backgrounds
,of
,the
,four
,suicide
,bombers
,in
,the
,London
,attacks
,prove
,the
,message
,of
,al-Qaida
,chief
,Osama
,bin
,Laden
,has
,reached
,moderate
,communities
,.
Sentence: 379,Iran
,'s
,defense
,minister
,has
,denounced
,remarks
,by
,the
,top
,U.S.
,military
,commander
,","
,who
,said
,Washington
,has
,not
,ruled
,out
,the
,use
,of
,force
,against
,Iran
,to
,prevent
,it
,from
,making
,nuclear
,weapons
,.
Sentence: 380,Joint
,Chiefs
,of
,Staff
,Chairman
,Mike
,Mullen
,said
,Sunday
,that
,the
,U.S.
,has
,a
,plan
,to
,strike
,Iran
,.
Sentence: 381,But
,Admiral
,Mullen
,said
,he
,hopes
,the
,military
,option
,is
,not
,needed
,.
Sentence: 382,Iran
,'s
,defense
,minister
,","
,Brigadier
,General
,Ahmad
,Vahidi
,","
,said
,Tuesday
,that
,U.S.
,threats
,to
,attack
,his
,country
,violate
,the
,United
,Nations
,charter
,.
Sentence: 383,He
,warned
,that
,Tehran
,has
,drawn
,up
,defensive
,plans
,that
,would
,make
,its
,enemies
,regret
,any
,attack
,.
Sentence: 384,The
,United
,States
,and
,other
,Western
,countries
,accuse
,Iran
,of
,secretly
,developing
,nuclear
,weapons
,under
,cover
,of
,a
,civilian
,energy
,program
,-
,a
,charge
,Iran
,denies
,.
Sentence: 385,Admiral
,Mullen
,said
,he
,hopes
,the
,combination
,of
,sanctions
,and
,diplomatic
,efforts
,will
,resolve
,the
,dispute
,.
Sentence: 386,Georgia
,'s
,president
,has
,announced
,plans
,for
,his
,country
,to
,get
,emergency
,natural
,gas
,supplies
,from
,Iran
,to
,help
,end
,the
,country
,'s
,shortage
,of
,both
,gas
,and
,electricity
,.
Sentence: 387,President
,Mikhail
,Saakashvili
,told
,cabinet
,members
,Friday
,that
,gas
,from
,Iran
,is
,expected
,to
,begin
,flowing
,into
,Georgia
,beginning
,Sunday
,or
,","
,at
,the
,latest
,","
,Monday
,.
Sentence: 388,Residents
,in
,the
,former
,Soviet
,republic
,have
,been
,enduring
,freezing
,weather
,with
,limited
,supplies
,after
,explosions
,on
,pipelines
,delivering
,Russian
,natural
,gas
,.
Sentence: 389,Russian
,authorities
,deny
,Georgian
,charges
,that
,they
,deliberately
,cut
,supplies
,","
,and
,insist
,the
,pipelines
,were
,sabotaged
,.
Sentence: 390,Repairs
,are
,due
,to
,be
,completed
,by
,Sunday
,.
Sentence: 391,Georgia
,is
,heavily
,dependent
,on
,Russian
,natural
,gas
,.
Sentence: 392,President
,Saakashvili
,says
,the
,agreement
,with
,Iran
,shows
,his
,country
,has
,alternative
,sources
,.
Sentence: 393,Millions
,of
,Georgians
,have
,also
,been
,without
,electricity
,because
,of
,a
,breakdown
,of
,a
,unit
,at
,a
,power
,station
,","
,as
,well
,as
,downed
,power
,lines
,.
Sentence: 394,Peru
,'s
,former
,President
,","
,Alberto
,Fujimori
,","
,has
,told
,authorities
,he
,is
,trying
,to
,form
,a
,political
,alliance
,to
,support
,his
,bid
,to
,run
,in
,next
,April
,'s
,presidential
,election
,.
Sentence: 395,In
,a
,visit
,to
,the
,Peruvian
,consulate
,in
,Tokyo
,Wednesday
,","
,Mr.
,Fujimori
,had
,his
,signature
,validated
,on
,a
,document
,joining
,his
,Si
,Cumple
,party
,with
,two
,other
,political
,parties
,.
Sentence: 396,The
,consulate
,said
,it
,notarized
,his
,signature
,","
,but
,not
,the
,contents
,of
,the
,document
,.
Sentence: 397,The
,disgraced
,ex-president
,and
,son
,of
,Japanese
,parents
,fled
,to
,Japan
,in
,2000
,","
,where
,he
,was
,granted
,citizenship
,.
Sentence: 398,The
,exiled
,president
,is
,wanted
,in
,Peru
,to
,face
,charges
,of
,corruption
,and
,human
,rights
,abuses
,related
,to
,the
,death
,squad
,murders
,of
,25
,people
,.
Sentence: 399,Mr.
,Fujimori
,","
,Peru
,'s
,hard-line
,ruler
,from
,1990
,to
,2000
,","
,has
,denied
,the
,charges
,","
,calling
,them
,politically
,motivated
,.
Sentence: 400,Tokyo
,has
,refused
,requests
,from
,Lima
,for
,his
,extradition
,.
Sentence: 401,The
,British
,Embassy
,in
,Sudan
,'s
,capital
,has
,re-opened
,to
,the
,public
,","
,four
,days
,after
,it
,was
,closed
,because
,of
,a
,possible
,terrorist
,threat
,.
Sentence: 402,The
,embassy
,said
,in
,a
,statement
,Thursday
,that
,""""
,additional
,security
,""""
,has
,allowed
,it
,to
,resume
,normal
,consular
,and
,visa
,services
,.
Sentence: 403,The
,statement
,also
,thanked
,the
,Sudanese
,government
,for
,its
,cooperation
,.
Sentence: 404,Earlier
,this
,week
,","
,the
,government
,said
,it
,had
,broken
,up
,a
,plot
,to
,attack
,several
,Western
,diplomatic
,missions
,in
,the
,capital
,","
,Khartoum
,.
Sentence: 405,The
,state
,news
,agency
,reported
,that
,police
,had
,arrested
,eight
,Sudanese
,men
,and
,confiscated
,arms
,and
,explosives
,.
Sentence: 406,The
,British
,Embassy
,has
,advised
,British
,citizens
,to
,avoid
,travel
,to
,Khartoum
,.
Sentence: 407,Kenyan
,police
,have
,opened
,fire
,at
,hundreds
,of
,people
,demonstrating
,against
,cartoons
,depicting
,the
,Prophet
,Muhammad
,","
,as
,protests
,across
,the
,Muslim
,world
,showed
,no
,signs
,of
,abating
,.
Sentence: 408,At
,least
,one
,Kenyan
,was
,wounded
,Friday
,when
,protesters
,tried
,to
,march
,on
,the
,Danish
,embassy
,in
,Nairobi
,","
,shouting
,anti-Denmark
,slogans
,and
,burning
,Danish
,flags
,.
Sentence: 409,Muslims
,also
,demonstrated
,Friday
,in
,cities
,across
,the
,Middle
,East
,as
,well
,as
,in
,India
,","
,Pakistan
,","
,Afghanistan
,","
,Bangladesh
,","
,Malaysia
,","
,and
,Venezuela
,.
Sentence: 410,In
,France
,","
,a
,Muslim
,organization
,-
,the
,French
,Council
,of
,the
,Muslim
,Faith
,-
,said
,it
,was
,launching
,legal
,action
,against
,French
,newspapers
,that
,published
,the
,cartoons
,","
,one
,of
,which
,depicts
,the
,Prophet
,Muhammad
,wearing
,a
,turban
,shaped
,like
,a
,bomb
,.
Sentence: 411,Malaysian
,Prime
,Minister
,Abdullah
,Ahmad
,Badawi
,told
,an
,international
,conference
,Friday
,the
,Muslim
,world
,and
,the
,West
,must
,stop
,demonizing
,each
,other
,and
,""""
,accept
,one
,another
,as
,equals
,.
,""""
Sentence: 412,The
,death
,toll
,from
,a
,coal
,mining
,accident
,in
,northwestern
,China
,rose
,to
,32
,Wednesday
,after
,searchers
,recovered
,the
,body
,of
,the
,last
,missing
,miner
,.
Sentence: 413,China
,'s
,state-run
,media
,say
,39
,people
,were
,working
,at
,the
,privately-owned
,coal
,mine
,in
,Shaanxi
,province
,on
,Saturday
,when
,a
,gas
,explosion
,occurred
,.
Sentence: 414,Seven
,miners
,managed
,to
,reach
,the
,surface
,","
,but
,the
,others
,were
,trapped
,.
Sentence: 415,The
,Xinhua
,news
,agency
,says
,police
,have
,detained
,the
,owner
,and
,managers
,of
,the
,mine
,","
,but
,provided
,no
,other
,details
,.
Sentence: 416,Chinese
,mines
,are
,among
,the
,most
,dangerous
,in
,the
,world
,.
Sentence: 417,Thousands
,of
,people
,are
,killed
,every
,year
,in
,explosions
,","
,cave-ins
,and
,floods
,","
,despite
,government
,crackdowns
,on
,safety
,violations
,.
Sentence: 418,India
,and
,Pakistan
,plan
,to
,hold
,a
,third
,round
,of
,peace
,talks
,in
,January
,with
,a
,focus
,on
,security
,","
,the
,Kashmir
,issue
,and
,confidence-building
,measures
,between
,the
,nuclear
,rivals
,.
Sentence: 419,The
,two-day
,talks
,will
,begin
,on
,January
,17
,and
,they
,will
,be
,led
,by
,the
,countries
,'
,foreign
,secretaries
,.
Sentence: 420,They
,will
,review
,progress
,made
,so
,far
,and
,also
,chart
,a
,course
,for
,future
,negotiations
,.
Sentence: 421,The
,talks
,will
,be
,under
,a
,peace
,process
,that
,the
,two
,sides
,began
,in
,January
,2004
,.
Sentence: 422,A
,foreign
,office
,spokeswoman
,in
,Islamabad
,also
,said
,that
,the
,two
,sides
,have
,been
,holding
,secret
,talks
,on
,possible
,reduction
,of
,forces
,in
,Kashmir
,and
,a
,Pakistani
,proposal
,of
,self-rule
,in
,Kashmir
,.
Sentence: 423,She
,did
,not
,give
,any
,more
,details
,and
,also
,declined
,to
,reveal
,at
,what
,level
,the
,talks
,are
,being
,held
,.
Sentence: 424,India
,has
,not
,made
,any
,comment
,about
,the
,talks
,.
Sentence: 425,Iraqi
,officials
,say
,at
,least
,two
,people
,were
,killed
,and
,several
,others
,wounded
,in
,a
,car
,bomb
,blast
,in
,central
,Baghdad
,Tuesday
,.
Sentence: 426,Earlier
,reports
,said
,the
,attack
,was
,carried
,out
,by
,a
,suicide
,bomber
,.
Sentence: 427,It
,came
,as
,the
,U.S.
,military
,announced
,it
,had
,rounded
,up
,428
,suspects
,over
,the
,past
,30
,hours
,in
,a
,major
,operation
,against
,insurgents
,in
,a
,western
,suburb
,of
,the
,capital
,.
Sentence: 428,On
,Monday
,","
,dozens
,of
,people
,were
,killed
,and
,scores
,were
,hurt
,in
,a
,series
,of
,car
,bombings
,and
,other
,attacks
,in
,cities
,and
,towns
,across
,Iraq
,.
Sentence: 429,Also
,Monday
,","
,an
,al-Qaida-linked
,group
,claimed
,responsibility
,for
,gunning
,down
,a
,top
,Iraqi
,security
,official
,(
,Wael
,al-Rubaei
,)
,and
,his
,driver
,in
,Baghdad
,.
Sentence: 430,Iran
,'s
,hard-line
,Guardian
,Council
,has
,approved
,a
,bill
,that
,would
,block
,United
,Nations
,inspections
,of
,its
,nuclear
,facilities
,and
,allow
,it
,to
,resume
,uranium
,enrichment
,if
,it
,is
,referred
,to
,the
,U.N.
,Security
,Council
,.
Sentence: 431,State
,media
,report
,Saturday
,that
,the
,12-member
,council
,approved
,the
,measure
,after
,deciding
,it
,does
,not
,contradict
,the
,constitution
,or
,Islamic
,law
,.
Sentence: 432,The
,parliament
,already
,approved
,the
,bill
,last
,month
,.
Sentence: 433,The
,final
,step
,will
,be
,President
,Mahmoud
,Ahmadinejad
,'s
,signature
,.
Sentence: 434,The
,move
,could
,jeopardize
,nuclear
,talks
,with
,Europe
,that
,Iran
,said
,it
,expects
,will
,resume
,within
,weeks
,.
Sentence: 435,Those
,talks
,collapsed
,in
,August
,","
,when
,Tehran
,restarted
,converting
,uranium
,-
,the
,precursor
,of
,enrichment
,.
Sentence: 436,Last
,year
,","
,Tehran
,suspended
,enrichment
,as
,a
,good
,faith
,measure
,to
,allay
,international
,concerns
,it
,is
,secretly
,pursuing
,nuclear
,weapons
,","
,a
,charge
,its
,government
,denies
,.
Sentence: 437,Zambian
,officials
,say
,reports
,that
,President
,Levy
,Mwanawasa
,has
,died
,are
,FALSE
,.
Sentence: 438,Information
,Minister
,Mike
,Mulongoti
,made
,a
,televised
,address
,Thursday
,to
,say
,the
,foreign
,media
,reports
,are
,not
,TRUE
,.
Sentence: 439,He
,said
,President
,Mwanawasa
,remains
,in
,stable
,condition
,in
,a
,Paris
,hospital
,","
,and
,is
,being
,treated
,for
,hypertension
,.
Sentence: 440,Mr.
,Mwanawasa
,was
,flown
,to
,France
,Tuesday
,after
,suffering
,a
,stroke
,Sunday
,while
,in
,Egypt
,for
,an
,African
,Union
,summit
,.
Sentence: 441,The
,summit
,was
,dominated
,by
,the
,political
,crisis
,in
,Zimbabwe
,","
,and
,the
,absence
,of
,Mr.
,Mwanawasa
,","
,a
,critic
,of
,Zimbabwean
,President
,Robert
,Mugabe
,","
,was
,said
,to
,hurt
,attempts
,to
,put
,more
,pressure
,on
,Harare
,.
Sentence: 442,Mr.
,Mwanawasa
,is
,59
,years
,old
,and
,has
,served
,as
,Zambia
,'s
,president
,since
,2002
,.
Sentence: 443,He
,is
,also
,the
,current
,leader
,of
,the
,Southern
,African
,Development
,Community
,.
Sentence: 444,He
,suffered
,a
,mild
,stroke
,two
,years
,ago
,.
Sentence: 445,U.S.
,President
,Barack
,Obama
,has
,named
,Gene
,Sperling
,as
,the
,new
,head
,of
,the
,National
,Economic
,Council
,","
,which
,oversees
,the
,administration
,'s
,economic
,policies
,.
Sentence: 446,Sperling
,had
,the
,same
,job
,in
,President
,Bill
,Clinton
,'s
,administration
,.
Sentence: 447,He
,succeeds
,Lawrence
,Summers
,","
,another
,top
,economic
,official
,from
,the
,Clinton-era
,.
Sentence: 448,Sperling
,has
,spent
,the
,first
,two
,years
,of
,the
,Obama
,administration
,as
,a
,counselor
,to
,Treasury
,Secretary
,Timothy
,Geithner
,.
Sentence: 449,Mr.
,Obama
,made
,the
,announcement
,Friday
,during
,a
,visit
,to
,a
,window
,manufacturer
,located
,outside
,of
,Washington
,","
,D.C.
Sentence: 450,Sperling
,'s
,appointment
,is
,the
,latest
,major
,staff
,change
,for
,the
,Obama
,administration
,as
,it
,begins
,dealing
,with
,a
,new
,Republican
,majority
,in
,the
,House
,of
,Representatives
,","
,and
,planning
,for
,the
,president
,'s
,likely
,re-election
,campaign
,in
,2012
,.
Sentence: 451,On
,Thursday
,","
,Mr.
,Obama
,named
,another
,ex-Clinton
,official
,","
,William
,Daley
,","
,as
,his
,new
,chief
,of
,staff
,","
,replacing
,Rahm
,Emmanuel
,.
Sentence: 452,Authorities
,in
,Bosnia-Herzegovina
,say
,they
,have
,arrested
,a
,former
,Bosnian
,Serb
,police
,officer
,for
,his
,suspected
,role
,in
,the
,1995
,massacre
,of
,Muslims
,near
,the
,eastern
,Bosnian
,town
,of
,Srebrenica
,.
Sentence: 453,The
,state
,prosecutor
,'s
,office
,says
,37-year-old
,Dragan
,Neskovic
,was
,arrested
,Wednesday
,in
,the
,northeastern
,town
,of
,Bijeljina
,on
,suspicion
,of
,genocide
,.
Sentence: 454,No
,further
,details
,were
,released
,.
Sentence: 455,More
,than
,"8,000"
,Muslim
,men
,and
,boys
,were
,killed
,by
,Serb
,forces
,in
,July
,1995
,in
,what
,was
,supposed
,to
,have
,been
,a
,United
,Nations
,safe
,haven
,.
Sentence: 456,The
,Srebrenica
,killings
,are
,considered
,the
,worst
,European
,massacre
,since
,World
,War
,II
,.
Sentence: 457,The
,U.N.
,war
,crimes
,tribunal
,in
,The
,Hague
,has
,already
,sentenced
,14
,Serbs
,for
,their
,key
,roles
,in
,the
,killings
,.
